-0.14986015705264905,6.0,24.0,0.44240645342028784,6.0,2.0481043925203015,1.4013136852068877,0.39286644039447305,0.573557088209621,24.0,2.0,0.5808413362245218,0.1804596569118717,1.2081768011620564,0.46086781270672256,0.04393998691518164,-0.3755116861553132,-0.76904307628187,-0.9740852366186052,0.8033986232170822,-0.07952796604579786,6.0,32.0,0.13047181790855844,5.0
-0.18344014668064543,4.0,31.0,0.2819697344197726,4.0,0.15069522869254373,3.106112154142422,0.22744740027049593,0.5881246354110458,28.0,5.0,0.19148746033245168,0.21692505946945984,1.7763296978964653,0.9543970035212709,-0.2851172345209655,0.11497089815791003,1.185207699445813,0.7794601562954759,0.7190238164062879,0.7911259472857421,4.0,56.0,0.199914517067439,8.0
2.310425184134047,4.0,55.0,0.8762811677610118,5.0,0.2109274992595715,3.6425928945542703,0.4265541425713091,1.5144140532105308,29.0,0.0,2.4767374704915404,1.064910095791106,1.5792281300764877,0.8873082068775263,-0.707395486058127,-0.00010499688545628163,-0.29461912090961934,-0.30759393152278447,0.22753117825442382,0.48487666903773446,2.0,89.0,0.875610906639693,4.0
-0.1709036610534139,3.0,44.0,0.05669781525841422,5.0,0.02136647900863443,2.5213378648752824,0.15805298259688297,1.8023050458042569,21.0,3.0,0.5266747415261988,0.599411935384855,1.0680464070347861,1.1109103169400003,-0.2753192090708717,-0.4951364984151519,0.8779194000490377,-0.3823656618967952,0.14541283279819783,-1.4937509715967832,5.0,6.0,0.2126598937875408,4.0
0.027829615145683932,4.0,10.0,0.9173137455696673,3.0,2.0070446196468286,1.2070285015624966,0.343096753006362,5.709052046470229,21.0,3.0,0.9228842746992824,0.084868496069189,0.8088785358210001,1.6327501117333647,0.20650491118041492,1.3227495067978436,-0.48455002305859723,-0.6974484649470121,0.567618793476012,-1.006340009074257,6.0,19.0,0.8610209649743555,4.0
-3.0449394480535927,4.0,28.0,0.5952433124960779,2.0,0.6582596613886124,2.92731401771487,0.3085497064069629,2.7096911773660928,24.0,1.0,1.4957169661622833,0.07360798925929335,0.7493872107171337,1.1859190726178948,0.13957339725528717,-0.8873863729319837,-0.016733315249091968,-3.0783809347567663,2.052879756259426,-0.9890729916216451,5.0,14.0,0.26157560862527807,6.0
0.8099473636570781,2.0,33.0,0.13779320235971249,4.0,0.8237031116196444,2.0708795999455125,0.016263594760945237,2.886640185932742,25.0,1.0,0.2566482732046764,0.14671160392331428,2.1527350568939845,1.1382627256427649,0.30784660871439795,0.24054802342497927,-0.9562095721941415,-0.9433104704356703,3.1220166576768476,1.445038729577197,5.0,94.0,0.5418803424513325,5.0
1.5387156294994464,6.0,61.0,0.8475892806407979,4.0,0.4214333878137653,9.86491103550535,0.2006650849218001,3.717123323687977,29.0,3.0,0.8681642552312988,0.29067079306870935,0.2079157842921697,0.3788435157726449,0.9557350542812997,1.1052017007842307,-0.17751353875745685,1.142229807517916,0.9777363143249655,-2.1658439464318797,2.0,15.0,0.444926847458204,3.0
-0.9885101516529471,4.0,13.0,0.5041007417207923,6.0,1.0026734256569245,1.1938229178058504,0.043555344497717446,2.898830598640205,24.0,1.0,2.679535580187039,0.4932322561875562,1.5510045654943727,1.10379488861034,-0.24220706871177633,2.8028621321375553,-0.018264118079439826,1.0270138545665457,0.3500734658342086,0.5815397091503542,5.0,63.0,0.502516301795479,3.0
-0.4532555721996207,3.0,92.0,0.911034487448071,4.0,0.11477734114718792,1.5766526916087371,0.4717074263960171,2.3034461120348997,25.0,1.0,0.5101139132171953,0.4614244594924546,0.9820640074891581,1.2137448783169766,0.2013110043276528,0.6068993202743416,0.987416925929864,-0.8513693063859011,0.4694750592158583,0.19231875649377386,5.0,81.0,0.6422415348834931,6.0
0.50712117607205,7.0,25.0,0.07941110509951566,7.0,0.8328592110181046,4.145105054678321,0.24324340650716209,1.355840595274668,24.0,2.0,2.477504426444838,0.014528922653191723,0.3991927416491229,0.5656456288449038,-0.5624575864854995,1.6616037685580942,2.2124176073270947,-1.9878202760517283,0.31900004089625533,-1.0616854614942637,6.0,66.0,0.9457481089035891,6.0
0.41225620394882784,5.0,70.0,0.6287651301488866,7.0,1.6757476200740562,2.8294980757155077,0.09143998274818146,3.587263879536961,25.0,5.0,1.3836013814571475,0.012846230052807162,1.5275880677636056,2.8216197898742714,0.4547694003238423,-0.4533174633906025,0.8603773444971657,-0.09997098367009638,0.326094033998257,0.801324992781605,4.0,74.0,0.6751667533511733,4.0
-0.0003847659633685946,5.0,32.0,0.6909972385490711,3.0,0.7584746079698262,0.4754307339798186,0.05269327737649558,3.687367586569128,24.0,1.0,0.5319027168474827,0.12006966876936875,0.6782553743601217,1.894360001942344,0.5031656254503365,1.5789289235531991,-0.6298068049980611,-0.6696329063376871,0.3828867220429454,2.3690428170669455,4.0,4.0,0.663102055529574,5.0
0.9698210327799093,4.0,47.0,0.9822253368243707,8.0,0.006354646023489196,3.46831347787612,0.3367810316097432,4.736801979343081,31.0,3.0,2.359737497745414,0.00792626749090597,1.5471880944091159,0.38030972286382203,0.24591785765087282,1.7855342806698025,0.16136456440600203,0.5087881271005674,1.180560652150015,-0.7758989588854539,6.0,83.0,0.0501842055094337,5.0
-0.41959654178671785,7.0,40.0,0.5248649764219061,1.0,2.639231601911845,6.142527754863595,0.38881475434182944,5.581157697574438,23.0,2.0,0.8687460785677907,2.673076431498089,2.730661107460608,0.5571422464251993,0.36660847121817464,0.9063884158529456,3.3768373069198496,-0.613331660298464,1.205161465494538,-0.02353836594801718,4.0,71.0,0.7722174043680564,4.0
0.8172198609431286,6.0,84.0,0.9064282206421703,5.0,1.5986553132488035,3.51459902932308,0.2163560959939381,0.3903521589160568,28.0,1.0,0.31830610447963925,0.24856212798685395,0.6069258340637338,0.49986996279574814,-0.14022978762138627,3.5524173216870687,0.2762060561072921,1.5866796406071408,0.17459100500457758,-0.3424032520226276,6.0,2.0,0.7249582385333831,8.0
-1.0084708260499575,3.0,63.0,0.9273707475383528,6.0,1.1633413607763659,8.059875166575905,0.49278742600673164,1.6135345921178506,33.0,0.0,0.6287585151124109,0.8452126188619005,0.7343839484646271,0.7895917758070639,-0.6321074561933404,0.8365206965223149,1.6264896549502827,0.586986639627193,0.604184871991505,0.3157290300574415,6.0,26.0,0.9907915186216598,9.0
1.4986272116216603,6.0,46.0,0.4316642304147821,4.0,0.6510987045477007,5.522190072005596,0.5318238124580302,1.2930947501909935,21.0,3.0,0.07304687379504167,0.301829676884682,1.0943923406321774,0.7844954955971666,0.3205949247037736,1.0947353358821919,-1.3951429762117271,0.21011339746347968,0.8850304523645737,1.6902820783625125,6.0,42.0,0.5420172621158886,8.0
-0.30538039245315685,6.0,33.0,0.5815778099186787,6.0,0.9461750137430449,5.8522796483517086,0.640408359556834,3.498897694588295,23.0,1.0,1.9645083323023957,0.6441942758504788,1.4270169956846979,0.9324816784213884,0.7840679934046562,1.0205673996922218,0.4388012772926595,1.593071826544037,2.018815152664865,1.2411964903915127,4.0,67.0,0.053199348160211546,4.0
0.4717081617804748,8.0,29.0,0.5074215789934331,7.0,0.6852472685304877,10.020594269052763,0.38075335946280353,2.3123256766100626,26.0,0.0,2.4281654219873867,0.3829486110643552,0.8187488883480473,1.764096854924832,0.33293639552605026,0.18697194903102501,-1.9826660729587033,-1.1896549195372739,0.23092213757156643,0.7392249890271644,6.0,51.0,0.4590747614012207,4.0
-1.1093949414869608,5.0,65.0,0.35736074786582417,7.0,1.0750752068350566,3.457395665257643,0.14712534567236313,0.5070675251666193,25.0,2.0,2.2685498190489657,1.3341520318065596,2.159782117431767,0.2656292309101086,0.44653291707267984,0.15837236326578755,-1.0403562671632793,-2.4101149401907627,0.38571640938262197,-0.004996539092353731,7.0,72.0,0.4916875290659518,3.0
0.026658884229426173,6.0,24.0,0.09246111280262259,4.0,1.3015659673144606,5.8150411007606895,0.156594286430611,2.316948582352288,23.0,1.0,0.2096865318551924,0.8788698356589177,1.3096886203389582,1.0157748327049911,0.18090115422034847,0.7361126618314525,0.7284643214999251,1.0887915698215975,0.5785838958539031,0.39228214380950066,5.0,6.0,0.777770111520157,2.0
-0.686613231112285,1.0,59.0,0.508701493244792,5.0,3.193733502390692,10.48170291629604,0.21776577192074725,1.3487893789091605,27.0,2.0,2.1217495818655063,0.35269815416411454,0.8930320644687532,0.8935819027321731,0.041283491658009486,1.0172091928654763,2.782362670633424,-1.5769223976434468,0.19631774288988102,0.2270107366138946,5.0,72.0,0.719419554592881,4.0
-0.017751581512467786,6.0,29.0,0.6151850458191869,9.0,0.3197446218446142,0.4801141185615676,0.18806242686079294,0.6835644801536016,23.0,1.0,0.10475311581068816,0.47961969851325303,1.6389790262853312,1.7727779632141514,-0.2486120173503692,1.0040239544591394,-0.638124208104403,-1.4806871602674825,0.7036246681605276,0.2978744562751329,1.0,64.0,0.37048825959696785,4.0
-0.25620596713719995,4.0,81.0,0.8536400946546483,5.0,2.4961271073681983,6.635014571997884,0.6652044022683932,0.5205416078724809,30.0,2.0,0.3447567090799538,0.18287717710259943,2.0125285439369516,0.06567226866834516,-0.3506894774236824,0.2694308723221381,-0.06662061473973657,0.3197102747043239,1.7924054990349267,0.3822190297763322,5.0,95.0,0.907072606899762,4.0
-0.6965015257901019,4.0,94.0,0.643280568386607,6.0,0.9495055948893059,5.032473361875053,0.1889818683238149,6.151275429733998,24.0,2.0,0.3924593554162484,0.2778319507536695,3.0712814582132935,1.1181799723055081,-0.3573716140448032,-0.6256036849909277,-0.8333845848859122,-1.71645432975762,1.0593906823780683,-0.44368818059825804,2.0,34.0,0.9614435435855764,2.0
0.16283380157974123,5.0,11.0,0.27344603818449864,2.0,0.08855199414429152,3.3904776581467955,0.24135180974217643,0.9585679207956315,24.0,3.0,0.8610058107525431,1.8838809564954677,1.2967374860629362,0.7523338699091001,-0.007809977431914916,1.1739768868894076,0.8241752235700881,-2.2850344654729566,0.41655990166197054,0.031754708860982916,3.0,4.0,0.706386329842085,3.0
-0.3730183418377227,3.0,22.0,0.47155290161388685,4.0,0.22509584705872088,2.2638589457238925,0.5948717391025636,1.537938600215866,25.0,3.0,0.6209392440896551,0.8671217865530145,1.3912173543271917,0.3100691060204305,-0.23774741575798364,1.09794750893496,1.5637892631248218,-0.5253319427095766,1.1145095209054985,1.3097055107892548,3.0,62.0,0.47670854099594806,8.0
0.6390088666778116,5.0,84.0,0.14695016184663479,4.0,1.7886681732319132,2.9086210354140887,0.32913808528126054,0.07710212538065259,26.0,2.0,0.12489003120822893,0.46628902392442284,0.9036800471914374,0.6183970085945106,-0.23103779026842275,1.139834268786748,0.2162471340764845,-0.5069029463685522,0.37018516645606236,-0.8716608323083244,5.0,33.0,0.013608481346885082,2.0
0.5767861292960592,4.0,83.0,0.211164134845215,4.0,1.3736962556200916,2.785227885184745,0.1604241477604161,0.2057151667735786,21.0,4.0,1.5714576974939702,0.6045172706645272,0.8993227534932615,0.4500876392236192,0.02440920247701972,1.8333420613800369,-0.3771830303509145,-1.0226414193463107,0.16416962227672194,1.1621405756165226,4.0,46.0,0.6964275581134397,7.0
0.27326677654879616,8.0,37.0,0.46725532273168646,7.0,1.205312863883105,2.955760796593165,0.2239949780855353,0.6739958226817828,27.0,1.0,0.3071088224230089,6.277834082488431,1.0385950463780307,0.5462187969417027,0.2429489114003528,0.9193774675773843,-0.852112409975328,0.7167345859149172,1.21516282476098,1.224170242262854,1.0,58.0,0.18609356087865359,6.0
0.5390052455904917,3.0,80.0,0.31549104127673544,4.0,0.3407572005083397,2.599363336946548,0.3098286999391657,1.4986792418279327,23.0,0.0,1.5811386940578998,0.02875867811618127,0.40238045265117167,1.3763195058392543,-0.0664097078749778,3.885869731878998,1.3286842123439584,0.5554700013060301,0.327151592689628,-1.020783282943543,5.0,24.0,0.30122423941494614,2.0
0.9633010290083149,7.0,3.0,0.44748795387363816,5.0,0.7556780571222974,6.8966647456395105,0.2353024329617709,1.3168349410840332,24.0,3.0,0.28463872324742034,1.9913054694742343,0.841183504166753,1.3040202437228647,-0.16597923382570123,2.9407557307864876,0.0016626749455176779,1.4796525728648229,0.6378807941924708,-0.06940643212950506,5.0,6.0,0.459458305694903,10.0
-0.8683859687521936,4.0,44.0,0.14590941197815788,3.0,0.43118026288120465,0.8779803759149504,0.50147899066036,8.34590626842043,25.0,5.0,1.7508878712139655,0.26370580690605494,0.5211672840688508,0.8534262607771788,-0.2829294094697179,-0.5949233677825806,-0.7625108277384849,-1.1359278134340531,0.14816543754547729,-0.18676308468592523,7.0,54.0,0.4038267787768832,2.0
-0.3863175172242896,2.0,43.0,0.27129303973741004,1.0,1.5586360727484032,6.710420549063549,0.391470236501469,5.349801663249001,24.0,0.0,0.8604272209373717,2.3707227497425207,1.112199541412547,1.0260396244354566,0.06253714779407071,-0.21593554471107237,-0.13207956374610216,2.3122297659125284,0.48508680803805293,-0.03791914025020732,4.0,77.0,0.8024240070395535,2.0
1.1362900783098013,7.0,69.0,0.4391150805304791,4.0,0.16706448514505085,9.255326615407927,0.5707430685819185,3.7805222602367845,27.0,2.0,1.6658929606410848,0.04051290890890624,0.042935156558864866,1.4547058700258537,0.22953861739814885,-0.5574068281366543,0.9188728289323921,-0.675481583693986,0.5509420033773615,-0.7079997898705823,4.0,22.0,0.7042995002030052,1.0
-0.9901958601085495,6.0,71.0,0.23255882381803927,5.0,1.6907081936769421,2.8323332871785185,0.04207549133766603,2.412768447495478,25.0,3.0,0.6781169919492056,1.0177738277558017,0.21829918261435485,0.29913741066609667,-0.09428763015279695,0.42068103035188464,1.5667283687879412,1.180510522185524,0.8211531302316474,0.3774936929562816,7.0,72.0,0.2657671950809265,9.0
-0.3446389988133673,3.0,42.0,0.5496855986298953,7.0,0.06818649435807096,3.401061191839996,0.3042577682203695,7.806635051083676,24.0,2.0,1.2114157214401524,15.510100745684337,0.41112186327805117,0.5947243057897744,0.05286714582405727,0.012760326011890262,1.826797493129531,-0.049162995817460864,2.3468839189409945,0.37075012696183923,6.0,25.0,0.4543270666570902,4.0
1.8506911470314416,7.0,16.0,0.36034489896259003,10.0,0.24268930552872936,1.4201641736493489,0.283633264096059,0.3797133393226736,25.0,2.0,0.796387696837276,0.6937084724291449,0.5427424006242948,1.2307127516477239,-0.5147049289634761,4.529781951724306,2.5130234633152377,-0.8205063051990247,0.9836403907428718,0.40699810550095594,6.0,34.0,0.9620050647099827,6.0
-0.011574140175858219,4.0,7.0,0.39403741782271473,4.0,0.002417284669207332,3.5026445939945545,0.08332196899085176,2.2662692028584344,27.0,3.0,0.9118481598689675,1.3639597529768048,1.4266799021424983,0.8641576781797571,-0.20213656975817396,-0.2079225365858966,0.11669906482111286,0.1857351705195618,0.19001728666856033,-1.0630341058334931,6.0,50.0,0.9525203466195119,9.0
0.6034937255238175,5.0,13.0,0.3779185743902358,8.0,2.3796065143263485,6.817444845768829,0.10573686909299947,1.85954081158528,22.0,4.0,1.9823977042306111,0.04757410631916925,0.8309840691547676,1.506182857367204,-0.4242496158450777,0.6405366835891848,-0.6714640659662675,-1.538108567922686,0.4588067798334654,-0.3958860532876768,4.0,13.0,0.18938422831698132,3.0
1.0863654473335713,7.0,37.0,0.3437902815105903,4.0,0.2585677778078221,0.49647631328725567,0.26696941088001896,3.4940595394608582,25.0,2.0,0.6824826908437804,0.14275858257877272,2.4106643385352213,0.4989152605349046,-0.38031806134458646,2.466653291533164,-2.1126932005191423,3.0899232274274198,0.9352001186650788,-0.2286306516532591,9.0,68.0,0.16840416325081853,7.0
-1.9667237272716611,5.0,60.0,0.18922029590466793,5.0,0.638491463318844,4.005121859644113,0.41910197609264027,0.6957229333663398,22.0,2.0,0.8334688238061547,0.041711513756670815,1.1001235765714499,1.2528588165087082,0.03291312186945172,0.38162566820339705,2.0049868323900233,0.4961963415020665,1.0047011301023299,0.5724998885970843,4.0,19.0,0.4522839307084521,6.0
-0.6097379602801517,5.0,73.0,0.6707706192711651,9.0,0.008126067406660624,5.153386222770612,0.12834482570905417,0.9455448745615668,25.0,2.0,0.5429575405672068,0.13283109183608466,1.6301762278381235,0.008270970867997838,-0.5600088337442226,-1.1939105718990157,0.15978930521612275,0.1082364543790435,2.2665249793650717,-0.7333928348434883,4.0,19.0,0.22165309140339406,3.0
0.578625815264941,6.0,12.0,0.37270771748246956,5.0,1.8976237516937904,0.8128401362177613,0.5219772671755364,0.6766108403932117,23.0,0.0,0.36013968900058374,0.9169491351650536,1.533675008223862,0.5848536540947847,0.19009825943369796,-0.1647867482782551,-2.296996588081418,0.760031738916155,0.16391489610384236,-0.617182960146216,5.0,24.0,0.11462202238730812,11.0
0.2962596030911503,3.0,64.0,0.6958430360776908,2.0,0.7979646535344267,2.123173043646163,0.4435186559038878,0.07912901190039978,23.0,1.0,0.5371641515470077,0.27109150887089717,1.4964516338322162,0.8278433627143503,0.05726325531120935,1.5341036102618093,0.3291122062074612,-0.4171705935698653,0.1729813095856767,0.029710327561713292,2.0,57.0,0.8338573903434197,6.0
0.15004575121747857,8.0,56.0,0.7423153830835275,2.0,2.3082351644032584,3.0983951427045384,0.2583347407430019,0.32012783964057734,23.0,2.0,0.9012819373580032,0.7918538335201488,1.1848825296250172,1.4068696074628253,0.2780629973753851,0.38362542609560385,-2.589979274144465,0.10050029902594737,1.2702894685466697,-0.685734233779864,6.0,9.0,0.7082731280118076,5.0
0.23615059584688206,3.0,92.0,0.6482518764146797,7.0,1.3007714048377204,6.105531440496849,0.12504864693204765,0.49225347871237524,20.0,2.0,5.805607386955163,0.5520064445956077,1.7563545796924416,2.9310871381289423,-0.8719473708814031,0.5948450171754368,-0.5325403468741914,0.5744044583011778,0.6628089615759644,-0.5242255964467554,8.0,3.0,0.23372410337573235,7.0
0.8790339736373626,6.0,29.0,0.15964260724821788,3.0,0.31356735627995613,1.6724269076554465,0.5472890712031662,1.1993792033128485,25.0,1.0,1.3496790942203245,0.030635952034637315,1.3702756899019182,1.0760825421543216,-0.6170045302956456,-0.7338215290642693,0.7707973502395208,-0.05364016443860775,3.7810163345229952,-0.13497339719916118,7.0,54.0,0.7088345056384964,1.0
-0.7209496264136418,8.0,95.0,0.040287927644719335,8.0,0.82471028580686,4.267526668419594,0.4001580258362298,1.566532674084917,27.0,1.0,1.7260601545220549,0.27872890787699944,0.8683856146663125,1.108628496884555,-0.011609081569692203,-0.9506595186982062,-0.3289303491846451,0.31160108117684615,2.396079104514876,-0.9775356133163259,4.0,23.0,0.7845380641007215,4.0
-0.6928441417176908,4.0,27.0,0.3149802858168166,6.0,0.5987787978655645,1.283893279941429,0.24079408084666223,1.075605468115668,25.0,1.0,1.1346756211083537,3.7702919158950223,2.5162555941888565,1.7330016140483175,-0.048609950322598294,-0.7952542841939964,0.09118992976928365,1.2554400198898517,0.23647313967060213,-1.1025862450600985,3.0,73.0,0.9407973162102861,3.0
-1.0530025198082262,6.0,25.0,0.9638440982497924,5.0,0.5901200757560148,1.107104763049977,0.13122496571339645,0.3588502345589046,28.0,2.0,3.8122933074730927,0.11299290763619396,0.9703355739033122,0.5273757970334458,-0.21329030717522857,-0.4579367453820246,-1.3497672549923365,-0.09597779457418998,0.4310791510899137,-0.0036703361038158615,5.0,85.0,0.20714935629498044,4.0
0.2884439824322039,6.0,42.0,0.98792889791507,7.0,0.8742857800150353,1.5182159111903009,0.17051185518059048,2.248874399836575,25.0,1.0,1.4633467877149773,0.11017376121576383,0.6951438288072227,0.2104684351120044,-0.6769005943632029,0.6630603305458622,-0.42439071305454734,-0.6009569609798078,0.6312407834611019,1.000707814763714,2.0,49.0,0.6989496147125616,2.0
-0.31589556326636953,4.0,18.0,0.2205254226905139,5.0,1.0432237496831633,7.125059530124926,0.21740705991564874,4.170405346445898,27.0,4.0,2.050375956895887,1.0736178581847282,0.22714701155400782,0.9685799314102629,-0.20005626905199558,0.8587124664326675,-0.8427904163936243,1.8019269755514902,0.6875502134272308,0.5521258886027698,4.0,38.0,0.4669808258500636,3.0
0.14305832241844632,5.0,52.0,0.8803446088007163,5.0,2.4950710027565073,10.40439010188602,0.1995428671196658,0.3496085877598763,26.0,4.0,2.7777021333918825,5.044724631896384,1.309704844269875,1.1160206458053106,0.1143544055311988,-0.353419472363969,2.4548717820648984,0.000973054240908322,0.8762008053061595,-0.5103380915843672,6.0,21.0,0.2917893499681584,5.0
0.9405009979406862,4.0,69.0,0.1420397637094275,5.0,2.2097586546116976,3.356670515498734,0.46346610327524657,2.5545424429314494,28.0,1.0,1.1013676214405619,0.2065644237674713,2.484278154311331,0.3440890536885479,0.7226071258003695,-1.3772593494318708,0.41726018997137415,-1.8551619585416947,0.5572089560198917,-0.03161414397817658,3.0,9.0,0.8818996646958189,5.0
-0.18531677803919988,4.0,10.0,0.9209480220534901,4.0,0.8602512313120434,8.815248445544622,0.4052347978673878,0.07903044915718467,20.0,1.0,0.13569108192179463,1.003845758497933,1.4604371492214092,1.8651330779898827,-0.41307793446880026,0.7699884188920144,0.6702592584041482,0.44699104020316627,0.543115908582898,0.7821990264682563,3.0,9.0,0.16339918504713735,3.0
1.3668072763831423,6.0,47.0,0.02408614103199913,9.0,0.7688990676649786,1.0667546981005471,0.5140750830191093,7.295348514052825,26.0,2.0,0.5252176745268536,2.0587974048310778,1.0764487900228628,1.3001257775287653,-0.634218586945863,2.6463200702334873,-0.5774107984213267,-0.3889977677813494,0.23367586984675892,-1.0865177248277587,5.0,19.0,0.1287096147630854,6.0
0.13874374391389363,5.0,36.0,0.7867620661819849,8.0,0.23366523858495686,7.481945610744272,0.023798898956186507,1.921009341884465,26.0,3.0,0.030818428291232502,0.03849221977880646,2.609371108865628,2.2056833825432927,0.4975145595245185,-0.5419641702830484,-0.17819397199960513,-0.9861797883628478,3.5313273210092704,-0.7960346137914416,5.0,77.0,0.1424927740553702,9.0
-0.21148753291863884,7.0,80.0,0.5221042075988868,8.0,1.2448977201027618,2.1687125514136953,0.23861192521208316,3.8143113253160896,29.0,3.0,0.4521945122926838,0.1947737797047966,1.380795453400133,0.5334119873767229,0.26079240032276707,-1.1456577978535647,-0.6510346189272447,-0.2080680460238824,1.1496735055141518,2.484568226775781,8.0,94.0,0.1858198099948022,6.0
-1.8476150822364539,3.0,91.0,0.8892707702407057,4.0,1.3628861762776145,6.179167519635091,0.24208575296155346,4.776246921245509,25.0,2.0,2.9484767908771468,0.06869185799329958,0.9177463270538723,1.3206661339657377,-0.241173745274743,-0.5031562691412537,-1.2961098896463843,1.298998491720087,0.1688961838586649,-1.3690880230425597,6.0,19.0,0.33175757780068793,7.0
0.4344717087021271,6.0,86.0,0.9619972398611968,3.0,0.23547801330747456,5.44020818928887,0.29688481186352383,2.964894387156888,27.0,3.0,0.21451474280010183,0.15681667350569706,0.7447339834988234,0.13498958460920726,-0.022902281315136497,1.6333443600479458,0.25027471545043245,-0.735863125226023,0.434448295103095,-1.1749909989184446,5.0,70.0,0.4725644071901711,5.0
0.49921898020249833,4.0,38.0,0.5006334945626628,6.0,0.32122923248659824,0.4667219224837955,0.36744359247954445,1.6845094801554066,23.0,1.0,2.2954900769335387,0.021418029445252618,0.09133583041689744,0.23894678877622305,0.02291015881984715,1.1391137683149322,2.332416113468957,-1.4003429304441903,0.3736881188785277,0.0010018924974032936,7.0,74.0,0.8931635961775749,2.0
0.07605236006110212,7.0,95.0,0.39462440665589615,5.0,1.2265899857118163,4.566561566474245,0.1291114036365194,0.9639705090914042,27.0,0.0,0.2869784466596043,1.5363076788689467,0.8475589738798511,0.28844783832194926,-0.3331617284968136,-0.09826064214150762,-1.2053224926044583,1.143907803122076,0.5493486261720361,0.49359515574795015,8.0,20.0,0.6895751503057631,3.0
0.9137015014671543,9.0,98.0,0.6737436831778588,4.0,1.2570670249605074,1.655404997484803,0.2849619727341146,0.3305407173987891,22.0,1.0,1.0216276925656018,0.33406086546059943,1.4297632245079375,2.0404965967468964,0.18185910145340056,1.0470960528055637,0.13633184445029323,1.0756400084796578,1.3209421271299424,0.34280370446910663,4.0,73.0,0.84616291524314,3.0
-0.6423752937777701,4.0,36.0,0.5237883401502689,3.0,2.2419248222910393,1.5331723163495325,0.14978365897393192,0.06397317615047796,24.0,4.0,1.1300057181730574,0.515884462630205,0.3294455016503196,0.7362882287953916,0.12206710631893569,0.3710395198545536,0.4847534856213611,0.7354283512992974,0.6796256213128467,0.5326690347086096,3.0,60.0,0.2444631950691758,4.0
1.0304847237635881,5.0,47.0,0.9114767351569969,9.0,2.596603148504488,2.2882409578183047,0.5230789607510299,2.755670244448896,28.0,2.0,1.0666197260395924,0.7479622637438923,0.3191091291614162,0.5497507870109156,-0.22449954614672885,-0.40540490518198974,0.3023137714961631,-1.3579306687864854,1.7132477153810004,0.018660626622395555,5.0,6.0,0.46029277983236083,5.0
0.45551641842194185,5.0,42.0,0.036396925088141074,10.0,0.8308594186843121,2.2237245102567225,0.07623247625307923,0.26240741225993003,27.0,1.0,1.3759225196513665,0.25319648268292383,1.5346708843683252,0.16982970998498828,0.7069391321465557,0.31748656369478434,-2.315453754123974,-0.42044969081168215,2.8072614963795446,-1.6656598795102067,7.0,44.0,0.08632517329415568,1.0
-0.43464499529310074,5.0,87.0,0.7517230397816482,6.0,0.05101126984011704,7.878422480017706,0.21850492861726228,1.3126699795646866,24.0,0.0,0.5438077791721889,3.1306026173129373,0.9228971324226504,0.6879824560033668,0.17134475009089256,2.2051819339148944,-0.951290737500044,-1.287902594391105,1.3478006385413037,-1.687518342666915,7.0,88.0,0.22849437998249467,2.0
0.5016835117176272,4.0,98.0,0.5058077808704122,1.0,3.3921089128391615,9.759637176547615,0.09252207678421911,0.24365795467398163,25.0,2.0,0.495289966171437,0.9789114507689733,3.0010914295923876,0.9015206436754073,-0.5503646622916569,0.45141284637084184,-0.6202951182740339,-1.0265349763761717,1.1641472406694773,-0.4938443919871825,5.0,27.0,0.5140423184675502,6.0
0.7551281234807697,10.0,61.0,0.690449444611721,2.0,0.034164567531544295,12.86763326910181,0.325698250225601,1.3196122537788801,23.0,2.0,0.5218231978615585,0.34877934995513593,1.4387682859077948,0.48454244386730866,-0.12606428673313896,-1.6970549891242797,-0.19464269191488023,0.27413833275595945,3.511615226718279,-0.2877809235936047,5.0,87.0,0.0758546287597357,3.0
1.0442477872176872,7.0,56.0,0.1960591601053483,3.0,0.24857717682471075,5.210217826914611,0.4545622550387366,0.32776146555648483,27.0,1.0,0.2682955693241219,0.1629560713564837,1.0441943593003762,0.22173517291509276,-0.0797487655606407,0.5779273983497693,0.04204813996324069,0.7580724155681633,0.7905269733398104,-0.28560201855564477,3.0,70.0,0.20854585343060927,5.0
-0.2552945870743553,6.0,68.0,0.3668617500193724,4.0,0.9825834293541551,6.085621696895224,0.5011165033104356,0.3377915520582668,25.0,3.0,0.8019691639896384,0.2706722361839813,1.8717386189810334,1.228619434641984,0.004249806731576045,3.3216528437252264,-0.7109514427136185,-1.1162573224772467,0.7418672340600689,-0.02335488591541462,2.0,72.0,0.7969471344763931,7.0
0.9095960129683242,5.0,23.0,0.21698599446408762,5.0,1.1408912435785226,5.309935573080588,0.16223830331782835,0.05489744553064869,25.0,0.0,0.8021420477444257,0.09305539185335987,1.3268401588027132,0.8108232604853217,-0.18331022541173092,2.936592810684845,-0.5169939841915931,-0.008435623284259286,0.15238463740209562,1.130432922093208,5.0,63.0,0.7862262545970341,4.0
-0.20156874236799233,5.0,66.0,0.8152650514941555,1.0,0.43823331254440717,2.1934086864310975,0.29817118527814074,1.034531659004172,23.0,1.0,1.0841634092146257,0.2916970350224224,1.030663041442997,0.4741984101349685,-0.17188210160333184,1.3581908914042033,0.6245517155629515,0.7675053408241865,0.8401437566145575,0.8293485931653625,7.0,97.0,0.46134998898033786,5.0
0.32328987847702306,5.0,62.0,0.8732956785840178,0.0,0.22852000344695592,6.265266094222986,0.5904762609773032,4.0664835742488075,23.0,0.0,0.9159539755575096,0.2138546140742228,0.8537970799909402,2.096926733454038,-0.45823213361611403,-0.0013138150266903215,1.5240527655102525,-0.05980305339758596,0.20329965030145458,1.3925752334021289,5.0,80.0,0.21118717317901003,4.0
1.064041501794395,5.0,71.0,0.4538035059211394,2.0,4.009574273471682,3.156726505543398,0.5350526452132919,1.054355914453683,29.0,3.0,3.288072675942972,0.3439809062179795,1.740537460147328,0.4216105130683989,-0.6420505147407383,0.8490342107606053,1.659625156874791,0.0945403940651719,0.25809441952099577,0.39426340586153075,7.0,97.0,0.08044930681107787,3.0
-0.3876702055540941,6.0,92.0,0.8155639195115958,3.0,5.383841535382151,1.8903025454621318,0.6042185286334285,3.7895278667785144,21.0,2.0,0.24167951780067867,0.41436848047670916,1.092283064233876,0.8525843275705217,0.01704909832650947,-0.5036621397817497,-0.5328509519292566,1.1662538992014575,0.39711826174316345,-0.7596376776824052,4.0,29.0,0.14812597381613546,4.0
1.0938564938676547,2.0,46.0,0.03864675321498545,5.0,1.068490192407817,4.158355018697023,0.21299856620802385,2.7418941932256216,29.0,0.0,1.0733718972193274,6.695479549966607,2.796375656248591,0.7089358747835328,0.7722467120358663,-0.2491749145399211,-1.6642291197279884,-2.9829543624676766,1.2792046433287996,1.7347984436090336,5.0,92.0,0.8160756114980398,7.0
0.7486800363625115,7.0,13.0,0.8743375967749035,3.0,2.9972797833329055,1.4611916966040224,0.10662477449105322,0.13207006702202267,27.0,1.0,0.2464746162356486,1.7390203563144584,2.2125208403499608,1.0212594398942985,0.9183191401188268,2.5886701925657305,0.3667651500450522,-1.4827013446549966,0.30439694577301923,-0.2563198992950962,4.0,9.0,0.5861795461029576,8.0
-1.106747610811552,5.0,50.0,0.06835306409646569,5.0,1.2825384560902413,0.24307025970760648,0.37431216356441616,0.5124823231291864,26.0,2.0,1.5562361381890375,1.4117653415124303,1.0152930214461813,1.2286574692031853,-0.4248731778524303,-0.06691966169867605,-0.8593478531223395,0.2164520715272804,0.11234728940000283,0.9854798013986353,6.0,39.0,0.41224140280163735,3.0
0.34843607598553694,7.0,28.0,0.3480016368576816,4.0,0.1943634262167144,1.9006008917416348,0.1472982326502205,2.1832092151019262,28.0,1.0,0.8782424196469057,0.18581728607463144,0.6760607111779265,1.3368714441859744,-0.03790796168350674,-1.3078775320608242,1.0599056100475859,0.06061507799177246,0.6072156607104635,0.4126576452106998,3.0,29.0,0.8010018915051877,4.0
1.6894201794589994,7.0,98.0,0.8694731983547578,3.0,0.9864988755677806,5.530576898563081,0.2404417339953574,0.7131784791055541,24.0,2.0,0.1329457648754958,1.4996243361138872,1.1541726132198962,0.8727447094383041,0.7846668628458675,-1.564049439475096,-0.2516920155087812,-1.1052453958946877,0.9406921296595626,-0.7521095798434603,4.0,24.0,0.07598298214972399,7.0
-0.6450696796787426,4.0,54.0,0.6706704618057102,7.0,0.7771912205075362,1.3585823191336606,0.30430475354713704,2.9770401647330824,25.0,4.0,4.254499016482128,0.5137765585614953,1.2634111793449134,1.5409244338319823,-0.1806224184780063,0.6866254903589879,0.28870990928036944,-1.3815972561986847,1.576381263663675,-0.5081749845643584,5.0,70.0,0.7008972864003354,4.0
-1.0774275180493649,5.0,46.0,0.891758496584765,8.0,0.11978223872137071,7.66112519334833,0.1516674438685059,1.4647061508180859,22.0,3.0,1.000302042284374,0.5756983756352569,0.40262209135992094,0.6552393244971639,-0.4288585214080981,-0.010239692521684354,1.5381503491438087,0.836062477240822,0.18583139514426383,1.1371901888981357,8.0,76.0,0.5935554411010993,2.0
-1.3939979349889646,4.0,44.0,0.9532081250105126,6.0,2.38720040852873,1.478827559048887,0.4392566355209804,1.0515183620349613,22.0,1.0,0.22340558031735236,0.02896826419352605,1.8453898104359834,0.6877855331367434,0.7059004243802449,0.8820580688711509,0.19940569328618332,-0.06799388602057954,1.446657317027742,0.59417513561746,4.0,53.0,0.6767385504470069,6.0
-0.323947108009184,4.0,90.0,0.9616563705401396,5.0,0.3732842593389893,4.180476440434798,0.2648073687176232,1.198445037083965,28.0,5.0,0.5456319237355177,0.24590757038262656,1.0791564965557345,0.23997774029136218,-0.5692854299779593,0.4482793982476306,0.08992189360755025,0.4139011082265496,5.913104341109421,0.27420773344795224,5.0,15.0,0.9920799834148469,7.0
0.4497608466852411,4.0,89.0,0.4524992877728852,2.0,2.77429538462906,3.9744239900312714,0.3413892134714531,1.2885293550565742,26.0,1.0,0.26247617219644337,0.4865224960082186,0.8369283202385275,0.7789635724248717,-0.12870650457757637,-0.18175140944009938,0.10733200461978047,0.3443722269522218,0.3373072672412991,-0.19240594019701865,6.0,79.0,0.7418805795754292,1.0
-0.4406192966351575,5.0,32.0,0.7476719298064449,6.0,1.0016103754963922e-05,5.662375100186493,0.471244813056807,7.399250334380739,23.0,2.0,0.066606599752831,0.06370152204405044,0.7458951060455362,2.634505997426207,-0.7805116807520889,1.456057559893235,1.0642516027288216,-2.9174486668718966,0.261660184316985,0.8614600076866464,4.0,71.0,0.6605797141718766,2.0
0.9716550836606,5.0,92.0,0.6240812035346652,4.0,0.3247951544743152,7.000743635446054,0.2963122515432704,0.05213977743142529,23.0,3.0,0.35410943516332033,1.5886354468627966,0.8585434648782551,1.1622036253415047,0.12646401493281667,0.12462840988007759,-0.49949270597085854,1.1005729134776612,0.6107990242569302,-0.44964513616628227,2.0,84.0,0.8081698378500287,4.0
-0.7600000314268446,6.0,63.0,0.5426670594717559,3.0,0.5350989657421978,1.3893250338729042,0.3993981140219525,1.9531691128727757,23.0,2.0,0.49271422743251536,0.11560972517903667,0.4375960291632812,0.34219911786578805,-0.7718559572213519,-0.32791314198359134,-0.5370896457410188,-0.46145728946043896,0.9349643936021477,0.22481183485313422,6.0,37.0,0.7169327753146671,7.0
0.5070546244329349,4.0,70.0,0.020673750236086308,6.0,2.6777030454316564,1.391664761855806,0.2677588261993962,2.8756500816296313,24.0,1.0,0.8732226870090818,0.06344166873495882,3.2352688381876895,1.119210995701637,0.09420120458676084,1.69554988937939,0.6167134549385436,-0.5689916315626586,0.4399297982798607,-2.3217971871597265,6.0,10.0,0.12577417977759298,4.0
0.33267086413785263,5.0,22.0,0.09111353165344149,4.0,3.9028920507615212,7.123830647547926,0.21307480206156557,1.007054945343916,28.0,1.0,1.036795236303031,1.0908821871722267,1.0078467739808459,0.41664389865764234,0.26131342193142193,0.2696984944358871,-0.05108240005843026,-0.1034952496346091,1.6912915389529701,1.7377475537278717,5.0,97.0,0.1807078393798064,5.0
0.07314276807702788,6.0,18.0,0.3820649311061053,4.0,0.28262698054350216,17.549278372473864,0.18938808526983905,0.6170752229614932,26.0,1.0,0.7905034573229461,2.3854490437251776,1.7113852070918971,1.0827122748775786,0.19262632834543658,0.6727646638446116,4.04262325136353,-0.04474628077536069,0.3528753354563485,1.1292747870150248,5.0,8.0,0.8834425444951988,2.0
-0.16057490106579278,6.0,85.0,0.7580093497394251,4.0,2.785048850235731,3.6595719739730215,0.5121330307372572,0.21190159842352982,28.0,2.0,1.1626612807403005,1.0572577347218206,0.9503079717280292,0.1610872035471262,0.3412999488179185,0.8269506027781539,1.4104148888207366,0.1528140393306261,0.4791367096469523,1.806627052297813,5.0,17.0,0.691759718936432,5.0
-1.1667607843659493,8.0,11.0,0.16980969429741366,5.0,0.21498643633925274,0.9127472495972399,0.3087222982680863,2.0404943995102593,22.0,1.0,8.34476299729946,0.3093697741217689,1.2889253427411587,0.47856286320856173,-0.39789246440592774,2.26672669250859,1.4722429821430802,1.6176865386973036,0.5755682921573072,-0.24458344055279738,6.0,49.0,0.33868489766263277,5.0
-0.2424276739004863,9.0,23.0,0.7161743190956318,4.0,0.34033971683484043,2.5802853722467196,0.2768259705708993,1.691945022727596,27.0,1.0,2.9461661298902997,5.018951989724216,1.4624643953825673,0.24557413586270993,0.8570275023744025,0.6733250282699719,0.1530118343421321,-0.32043656319457137,0.22079734121626204,-0.03046170637961616,4.0,16.0,0.3194056069439454,3.0
0.08538168046282163,2.0,97.0,0.9075196048763304,3.0,0.28353997767980377,2.386764936827505,0.19473920671594533,1.0396960145501624,23.0,2.0,1.6590074843544804,0.16123783766586341,0.6262958532482789,0.16503439476786527,-0.2023496081245515,0.7306320572887544,-2.4164623687994586,-0.07485054968333804,0.6487432305789707,1.051927598471869,2.0,34.0,0.04509259826064649,1.0
-0.7675194959023461,4.0,3.0,0.07173209956438786,4.0,2.4389997306640603,4.386018393854917,0.3076624452477178,1.7563373468026586,25.0,4.0,2.0885556897082407,2.045862685289009,1.6731984114699092,0.40984543561031667,0.40651433775574475,-0.44550409151640563,0.25091659338292416,-0.3595418708090765,0.3080243697944579,0.853429952330877,4.0,48.0,0.19600258423970252,2.0
0.19225566231179234,2.0,32.0,0.49794691588579465,2.0,1.477258916658276,2.498363684420355,0.7643299986175364,1.6182715623448147,28.0,1.0,0.5767862523383244,0.18981956576435732,2.3227781305625883,0.7046110202587985,-0.4740803939404602,3.126902527799881,0.19274807869123586,2.8638433370821925,1.9610609620971153,1.2853267008918474,4.0,75.0,0.7153021383560363,7.0
